ORT,ORTSTEIL,STANDORT,FRAKTION,TERMIN
Rechtmehring,Am Unterfeld,,Gelber Sack,Di 02.01.2024
Rechtmehring,Am Unterfeld,,Restmüll Container,Fr 05.01.2024
Rechtmehring,Am Unterfeld,,Papiertonne,Di 09.01.2024
Rechtmehring,Am Unterfeld,,Restmüll,Fr 12.01.2024
Rechtmehring,Am Unterfeld,,Restmüll Container,Fr 12.01.2024
Rechtmehring,Am Unterfeld,,Gelber Sack,Mo 15.01.2024
Rechtmehring,Am Unterfeld,,Restmüll Container,Do 18.01.2024
Rechtmehring,Am Unterfeld,,Restmüll,Do 25.01.2024
Rechtmehring,Am Unterfeld,,Restmüll Container,Do 25.01.2024
Rechtmehring,Am Unterfeld,,Gelber Sack,Mo 29.01.2024
Rechtmehring,Am Unterfeld,,Restmüll Container,Do 01.02.2024
Rechtmehring,Am Unterfeld,,Papiertonne,Mo 05.02.2024
Rechtmehring,Am Unterfeld,,Restmüll,Do 08.02.2024
Rechtmehring,Am Unterfeld,,Restmüll Container,Do 08.02.2024
Rechtmehring,Am Unterfeld,,Gelber Sack,Mo 12.02.2024
Rechtmehring,Am Unterfeld,,Restmüll Container,Do 15.02.2024
Rechtmehring,Am Unterfeld,,Restmüll,Do 22.02.2024
Rechtmehring,Am Unterfeld,,Restmüll Container,Do 22.02.2024
Rechtmehring,Am Unterfeld,,Gelber Sack,Mo 26.02.2024
Rechtmehring,Am Unterfeld,,Restmüll Container,Do 29.02.2024
Rechtmehring,Am Unterfeld,,Papiertonne,Mo 04.03.2024
Rechtmehring,Am Unterfeld,,Restmüll,Do 07.03.2024
Rechtmehring,Am Unterfeld,,Restmüll Container,Do 07.03.2024
Rechtmehring,Am Unterfeld,,Gelber Sack,Mo 11.03.2024
Rechtmehring,Am Unterfeld,Rechtmehring - Wertstoffhof; Holzham 5 - 13:30 - 14:00 Uhr,Problemabfallsammlung,Do 14.03.2024
Rechtmehring,Am Unterfeld,,Restmüll Container,Do 14.03.2024
Rechtmehring,Am Unterfeld,,Restmüll,Do 21.03.2024
Rechtmehring,Am Unterfeld,,Restmüll Container,Do 21.03.2024
Rechtmehring,Am Unterfeld,,Gelber Sack,Sa 23.03.2024
Rechtmehring,Am Unterfeld,,Restmüll Container,Mi 27.03.2024
Rechtmehring,Am Unterfeld,,Papiertonne,Di 02.04.2024
Rechtmehring,Am Unterfeld,,Restmüll,Fr 05.04.2024
Rechtmehring,Am Unterfeld,,Restmüll Container,Fr 05.04.2024
Rechtmehring,Am Unterfeld,,Gelber Sack,Mo 08.04.2024
Rechtmehring,Am Unterfeld,,Restmüll Container,Do 11.04.2024
Rechtmehring,Am Unterfeld,,Restmüll,Do 18.04.2024
Rechtmehring,Am Unterfeld,,Restmüll Container,Do 18.04.2024
Rechtmehring,Am Unterfeld,,Gelber Sack,Mo 22.04.2024
Rechtmehring,Am Unterfeld,,Restmüll Container,Do 25.04.2024
Rechtmehring,Am Unterfeld,,Papiertonne,Mo 29.04.2024
Rechtmehring,Am Unterfeld,,Restmüll,Fr 03.05.2024
Rechtmehring,Am Unterfeld,,Restmüll Container,Fr 03.05.2024
Rechtmehring,Am Unterfeld,,Gelber Sack,Mo 06.05.2024
Rechtmehring,Am Unterfeld,,Restmüll Container,Fr 10.05.2024
Rechtmehring,Am Unterfeld,,Restmüll,Do 16.05.2024
Rechtmehring,Am Unterfeld,,Restmüll Container,Do 16.05.2024
Rechtmehring,Am Unterfeld,,Gelber Sack,Di 21.05.2024
Rechtmehring,Am Unterfeld,,Restmüll Container,Fr 24.05.2024
Rechtmehring,Am Unterfeld,,Papiertonne,Mo 27.05.2024
Rechtmehring,Am Unterfeld,,Restmüll,Fr 31.05.2024
Rechtmehring,Am Unterfeld,,Restmüll Container,Fr 31.05.2024
Rechtmehring,Am Unterfeld,,Gelber Sack,Mo 03.06.2024
Rechtmehring,Am Unterfeld,,Restmüll Container,Do 06.06.2024
Rechtmehring,Am Unterfeld,,Restmüll,Do 13.06.2024
Rechtmehring,Am Unterfeld,,Restmüll Container,Do 13.06.2024
Rechtmehring,Am Unterfeld,,Gelber Sack,Mo 17.06.2024
Rechtmehring,Am Unterfeld,,Restmüll Container,Do 20.06.2024
Rechtmehring,Am Unterfeld,,Papiertonne,Mo 24.06.2024
Rechtmehring,Am Unterfeld,,Restmüll,Do 27.06.2024
Rechtmehring,Am Unterfeld,,Restmüll Container,Do 27.06.2024
Rechtmehring,Am Unterfeld,,Gelber Sack,Mo 01.07.2024
Rechtmehring,Am Unterfeld,,Restmüll Container,Do 04.07.2024
Rechtmehring,Am Unterfeld,,Restmüll,Do 11.07.2024
Rechtmehring,Am Unterfeld,,Restmüll Container,Do 11.07.2024
Rechtmehring,Am Unterfeld,,Gelber Sack,Mo 15.07.2024
Rechtmehring,Am Unterfeld,,Restmüll Container,Do 18.07.2024
Rechtmehring,Am Unterfeld,,Papiertonne,Mo 22.07.2024
Rechtmehring,Am Unterfeld,,Restmüll,Do 25.07.2024
Rechtmehring,Am Unterfeld,,Restmüll Container,Do 25.07.2024
Rechtmehring,Am Unterfeld,,Gelber Sack,Mo 29.07.2024
Rechtmehring,Am Unterfeld,,Restmüll Container,Do 01.08.2024
Rechtmehring,Am Unterfeld,,Restmüll,Do 08.08.2024
Rechtmehring,Am Unterfeld,,Restmüll Container,Do 08.08.2024
Rechtmehring,Am Unterfeld,,Gelber Sack,Mo 12.08.2024
Rechtmehring,Am Unterfeld,,Restmüll Container,Fr 16.08.2024
Rechtmehring,Am Unterfeld,,Papiertonne,Mo 19.08.2024
Rechtmehring,Am Unterfeld,,Restmüll,Do 22.08.2024
Rechtmehring,Am Unterfeld,,Restmüll Container,Do 22.08.2024
Rechtmehring,Am Unterfeld,,Gelber Sack,Mo 26.08.2024
Rechtmehring,Am Unterfeld,,Restmüll Container,Do 29.08.2024
Rechtmehring,Am Unterfeld,,Restmüll,Do 05.09.2024
Rechtmehring,Am Unterfeld,,Restmüll Container,Do 05.09.2024
Rechtmehring,Am Unterfeld,,Gelber Sack,Mo 09.09.2024
Rechtmehring,Am Unterfeld,,Restmüll Container,Do 12.09.2024
Rechtmehring,Am Unterfeld,,Papiertonne,Mo 16.09.2024
Rechtmehring,Am Unterfeld,,Restmüll,Do 19.09.2024
Rechtmehring,Am Unterfeld,,Restmüll Container,Do 19.09.2024
Rechtmehring,Am Unterfeld,,Gelber Sack,Mo 23.09.2024
Rechtmehring,Am Unterfeld,,Restmüll Container,Do 26.09.2024
Rechtmehring,Am Unterfeld,,Restmüll,Fr 04.10.2024
Rechtmehring,Am Unterfeld,,Restmüll Container,Fr 04.10.2024
Rechtmehring,Am Unterfeld,,Gelber Sack,Mo 07.10.2024
Rechtmehring,Am Unterfeld,,Restmüll Container,Do 10.10.2024
Rechtmehring,Am Unterfeld,,Papiertonne,Mo 14.10.2024
Rechtmehring,Am Unterfeld,Rechtmehring - Wertstoffhof; Holzham 5 - 13:30 - 14:00 Uhr,Problemabfallsammlung,Do 17.10.2024
Rechtmehring,Am Unterfeld,,Restmüll,Do 17.10.2024
Rechtmehring,Am Unterfeld,,Restmüll Container,Do 17.10.2024
Rechtmehring,Am Unterfeld,,Gelber Sack,Mo 21.10.2024
Rechtmehring,Am Unterfeld,,Restmüll Container,Do 24.10.2024
Rechtmehring,Am Unterfeld,,Restmüll,Do 31.10.2024
Rechtmehring,Am Unterfeld,,Restmüll Container,Do 31.10.2024
Rechtmehring,Am Unterfeld,,Gelber Sack,Mo 04.11.2024
Rechtmehring,Am Unterfeld,,Restmüll Container,Do 07.11.2024
Rechtmehring,Am Unterfeld,,Papiertonne,Mo 11.11.2024
Rechtmehring,Am Unterfeld,,Restmüll,Do 14.11.2024
Rechtmehring,Am Unterfeld,,Restmüll Container,Do 14.11.2024
Rechtmehring,Am Unterfeld,,Gelber Sack,Mo 18.11.2024
Rechtmehring,Am Unterfeld,,Restmüll Container,Do 21.11.2024
Rechtmehring,Am Unterfeld,,Restmüll,Do 28.11.2024
Rechtmehring,Am Unterfeld,,Restmüll Container,Do 28.11.2024
Rechtmehring,Am Unterfeld,,Gelber Sack,Mo 02.12.2024
Rechtmehring,Am Unterfeld,,Restmüll Container,Do 05.12.2024
Rechtmehring,Am Unterfeld,,Papiertonne,Mo 09.12.2024
Rechtmehring,Am Unterfeld,,Restmüll,Do 12.12.2024
Rechtmehring,Am Unterfeld,,Restmüll Container,Do 12.12.2024
Rechtmehring,Am Unterfeld,,Gelber Sack,Mo 16.12.2024
Rechtmehring,Am Unterfeld,,Restmüll Container,Do 19.12.2024
Rechtmehring,Am Unterfeld,,Restmüll,Fr 27.12.2024
Rechtmehring,Am Unterfeld,,Restmüll Container,Fr 27.12.2024
Rechtmehring,Am Unterfeld,,Gelber Sack,Mo 30.12.2024
